﻿<?xml version="2.0.0" encoding="UTF-8" standalone="yes"?>
<addon id="plugin.video.nollywood_movies" name="Nollywood Movies" version="2.0.0" provider-name="YourName">
    <requires>
        <import addon="xbmc.python" version="2.0.0"/>
        <import addon="script.module.requests" version="2.0.0"/>  <!-- If using requests -->
    </requires>
    <extension point="xbmc.python.pluginsource" library="default.py">
        <provides>video</provides>
    </extension>
    <extension point="xbmc.addon.metadata">
        <summary>Stream Nollywood movies</summary>
        <description>Access Nollywood films from YouTube and more.</description>
        <platform>all</platform>
    </extension>
</addon>

