<?xml version="1.0" encoding="UTF-8" standalone="yes"?>
<addon id="plugin.video.nollywood_movies"
       name="Nollywood Movies"
       version="1.0.0"
       provider-name="Debe">

    <requires>
        <!-- Core Kodi Python API -->
        <import addon="xbmc.python" version="3.0.0"/>

        <!-- For HTTP requests -->
        <import addon="script.module.requests" version="2.25.1"/>

        <!-- AUTO-INSTALL on first launch (magic!) -->
        <import addon="plugin.video.youtube" version="7.0.0+matrix.1" optional="false"/>
        <import addon="inputstream.adaptive" version="21.4.0" optional="false"/>
    </requires>

    <extension point="xbmc.python.pluginsource" library="default.py">
        <provides>video</provides>
    </extension>

    <extension point="xbmc.addon.metadata">
        <summary lang="en_GB">Stream Latest Nollywood Movies in Full HD</summary>
        <description lang="en_GB"><![CDATA[
Watch the hottest 2025 Nollywood releases from diverse Nollywood actors and actresses — streamed directly from YouTube.<br><br>

<b>Features:</b><br>
• Latest Movies • Action • Romance • Comedy • Drama<br>
• Real-time search (always fresh content)<br>
• Beautiful posters & plots (optional TMDB)<br>
• <b>Zero setup</b> — installs official YouTube addon automatically<br>
• Works on Firestick, Android Box, Windows, Linux, Raspberry Pi<br><br>

<b>No login. No subscription. No buffering.</b><br>
Just install → add your free YouTube API key → enjoy unlimited Nollywood!
        ]]></description>

        <disclaimer lang="en_GB">
This addon does not host or distribute any video files. 
All content is streamed directly from public, embeddable YouTube videos.
Users are responsible for complying with YouTube ToS and local laws.
        </disclaimer>

        <language>en</language>
        <platform>all</platform>
        <license>MIT</license>
        <forum></forum>
        <website>https://github.com/Debe2025/plugin.video.nollywood_movies</website>
        <source>https://github.com/Debe2025/plugin.video.nollywood_movies</source>
        <news>v1.0.0 - Automatic YouTube + inputstream installation | Perfect playback</news>
        <assets>
            <icon>icon.png</icon>
            <fanart>fanart.jpg</fanart>
            <screenshot>resources/screenshots/screenshot1.jpg</screenshot>
            <screenshot>resources/screenshots/screenshot2.jpg</screenshot>
            <screenshot>resources/screenshots/screenshot3.jpg</screenshot>
        </assets>

        <reuselanguageinvoker>true</reuselanguageinvoker>
    </extension>
</addon>